{
  "mode": "results",
  "eventTitle": "M, M17, M15, M30 100m",
  "heat": "Alkuerä 2/6",
  "round": "Alkuerät",
  "type": "track",
  "eventRoundHeat": "452256-1-02",
  "official": "Tulokset",
  "wind": "Tuuli +1,2",
  "rows": [
    {
      "lane": "",
      "rank": "1",
      "name": "Olli Päkkilä",
      "club": "TuUL",
      "result": "11,61",
      "qual": "",
      "label": "SB",
      "time": "",
      "event": ""
    },
    {
      "lane": "",
      "rank": "2",
      "name": "Lukas Lehtokannel",
      "club": "TuUL",
      "result": "11,68",
      "qual": "",
      "label": "SB",
      "time": "",
      "event": ""
    },
    {
      "lane": "",
      "rank": "3",
      "name": "Olli Uusitalo",
      "club": "TuUL",
      "result": "11,87",
      "qual": "",
      "label": "SB",
      "time": "",
      "event": ""
    },
    {
      "lane": "",
      "rank": "4",
      "name": "Petteri Uusitalo",
      "club": "TuUL",
      "result": "11,96",
      "qual": "",
      "label": "SB",
      "time": "",
      "event": ""
    },
    {
      "lane": "",
      "rank": "5",
      "name": "Eeli Heiska",
      "club": "TuUL",
      "result": "12,01",
      "qual": "",
      "label": "",
      "time": "",
      "event": ""
    },
    {
      "lane": "",
      "rank": "6",
      "name": "Max Kostamo",
      "club": "TuUL",
      "result": "12,09",
      "qual": "",
      "label": "",
      "time": "",
      "event": ""
    },
    {
      "lane": "",
      "rank": "7",
      "name": "Veikko Plosila",
      "club": "TuUL",
      "result": "12,14",
      "qual": "",
      "label": "SB",
      "time": "",
      "event": ""
    },
    {
      "lane": "",
      "rank": "8",
      "name": "Aleksanteri Nyholm",
      "club": "TuUL",
      "result": "12,22",
      "qual": "",
      "label": "SB",
      "time": "",
      "event": ""
    }
  ]
}