{
  "mode": "results",
  "eventTitle": "N15 Keihäs Loppukilpailu",
  "eventRoundHeat": "452290-1-01",
  "official": "Tulokset",
  "wind": "",
  "heat": "",
  "rows": [
    {
      "lane": "",
      "rank": "1",
      "name": "Alisa Launonen",
      "club": "TuUL",
      "result": "41.04",
      "qual": "",
      "label": "SB",
      "time": "",
      "event": ""
    },
    {
      "lane": "",
      "rank": "2",
      "name": "Minttu Lautkankare",
      "club": "TuUL",
      "result": "38.19",
      "qual": "",
      "label": "",
      "time": "",
      "event": ""
    },
    {
      "lane": "",
      "rank": "3",
      "name": "Johanna Kumpulainen",
      "club": "EspT",
      "result": "37.86",
      "qual": "",
      "label": "",
      "time": "",
      "event": ""
    },
    {
      "lane": "",
      "rank": "4",
      "name": "Maja Jensén",
      "club": "IFRa",
      "result": "24.85",
      "qual": "",
      "label": "",
      "time": "",
      "event": ""
    },
    {
      "lane": "",
      "rank": "",
      "name": "",
      "club": "",
      "result": "",
      "qual": "",
      "label": "",
      "time": "",
      "event": ""
    },
    {
      "lane": "",
      "rank": "",
      "name": "",
      "club": "",
      "result": "",
      "qual": "",
      "label": "",
      "time": "",
      "event": ""
    },
    {
      "lane": "",
      "rank": "",
      "name": "",
      "club": "",
      "result": "",
      "qual": "",
      "label": "",
      "time": "",
      "event": ""
    },
    {
      "lane": "",
      "rank": "",
      "name": "",
      "club": "",
      "result": "",
      "qual": "",
      "label": "",
      "time": "",
      "event": ""
    }
  ]
}