{
  "mode": "results",
  "eventTitle": "P11 4x85m viesti",
  "heat": "Loppukilpailu",
  "round": "Loppukilpailu",
  "type": "relay",
  "eventRoundHeat": "491462-1-01",
  "official": "Tulokset",
  "wind": "",
  "rows": [
    {
      "lane": "",
      "rank": "1",
      "name": "Helsingin Kisa-Veikot",
      "club": "HKV",
      "result": "56,93",
      "qual": "",
      "label": "",
      "time": "",
      "event": ""
    },
    {
      "lane": "",
      "rank": "2",
      "name": "Tampereen Pyrintö",
      "club": "TP",
      "result": "57,87",
      "qual": "",
      "label": "",
      "time": "",
      "event": ""
    },
    {
      "lane": "",
      "rank": "3",
      "name": "Turun Urheiluliitto",
      "club": "TuUL",
      "result": "57,98",
      "qual": "",
      "label": "",
      "time": "",
      "event": ""
    },
    {
      "lane": "",
      "rank": "",
      "name": "",
      "club": "",
      "result": "",
      "qual": "",
      "label": "",
      "time": "",
      "event": ""
    },
    {
      "lane": "",
      "rank": "",
      "name": "",
      "club": "",
      "result": "",
      "qual": "",
      "label": "",
      "time": "",
      "event": ""
    },
    {
      "lane": "",
      "rank": "",
      "name": "",
      "club": "",
      "result": "",
      "qual": "",
      "label": "",
      "time": "",
      "event": ""
    },
    {
      "lane": "",
      "rank": "",
      "name": "",
      "club": "",
      "result": "",
      "qual": "",
      "label": "",
      "time": "",
      "event": ""
    },
    {
      "lane": "",
      "rank": "",
      "name": "",
      "club": "",
      "result": "",
      "qual": "",
      "label": "",
      "time": "",
      "event": ""
    }
  ]
}