{
  "mode": "Timetable",
  "eventTitle": "OP Uusimaa Junior GP 15.11.2025",
  "heat": "",
  "round": "",
  "type": "",
  "eventRoundHeat": "",
  "official": "",
  "wind": "",
  "rows": [
    {
      "lane": "",
      "rank": "",
      "name": "",
      "club": "",
      "result": "",
      "qual": "",
      "label": "",
      "time": "15:00",
      "event": "T10 60m "
    },
    {
      "lane": "",
      "rank": "",
      "name": "",
      "club": "",
      "result": "",
      "qual": "",
      "label": "",
      "time": "15:00",
      "event": "T12 Kuula "
    },
    {
      "lane": "",
      "rank": "",
      "name": "",
      "club": "",
      "result": "",
      "qual": "",
      "label": "",
      "time": "15:00",
      "event": "P10 Pituus "
    },
    {
      "lane": "",
      "rank": "",
      "name": "",
      "club": "",
      "result": "",
      "qual": "",
      "label": "",
      "time": "15:00",
      "event": "T8 Pituus "
    },
    {
      "lane": "",
      "rank": "",
      "name": "",
      "club": "",
      "result": "",
      "qual": "",
      "label": "",
      "time": "15:00",
      "event": "P12 Seiväs "
    },
    {
      "lane": "",
      "rank": "",
      "name": "",
      "club": "",
      "result": "",
      "qual": "",
      "label": "",
      "time": "15:00",
      "event": "T12 Seiväs "
    },
    {
      "lane": "",
      "rank": "",
      "name": "",
      "club": "",
      "result": "",
      "qual": "",
      "label": "",
      "time": "15:25",
      "event": "P12 60m "
    },
    {
      "lane": "",
      "rank": "",
      "name": "",
      "club": "",
      "result": "",
      "qual": "",
      "label": "",
      "time": "15:35",
      "event": "T14 60m "
    }
  ]
}