{
  "mode": "results",
  "eventTitle": "N17 60m",
  "heat": "Alkuerä 1/2",
  "round": "Alkuerät",
  "type": "track",
  "eventRoundHeat": "487241-1-01",
  "official": "Tulokset",
  "wind": "Tuuli NM",
  "rows": [
    {
      "lane": "",
      "rank": "1",
      "name": "Minea Auremaa",
      "club": "TuUL",
      "result": "8,29",
      "qual": "q",
      "label": "SB",
      "time": "",
      "event": ""
    },
    {
      "lane": "",
      "rank": "2",
      "name": "Nea Hyrkäs",
      "club": "PaiU",
      "result": "8,61",
      "qual": "q",
      "label": "",
      "time": "",
      "event": ""
    },
    {
      "lane": "",
      "rank": "3",
      "name": "Vilma Toivonen",
      "club": "LoiL",
      "result": "8,62",
      "qual": "",
      "label": "SB",
      "time": "",
      "event": ""
    },
    {
      "lane": "",
      "rank": "4",
      "name": "Elina Hakuni",
      "club": "TuUL",
      "result": "8,81",
      "qual": "",
      "label": "SB",
      "time": "",
      "event": ""
    },
    {
      "lane": "",
      "rank": "",
      "name": "",
      "club": "",
      "result": "",
      "qual": "",
      "label": "",
      "time": "",
      "event": ""
    },
    {
      "lane": "",
      "rank": "",
      "name": "",
      "club": "",
      "result": "",
      "qual": "",
      "label": "",
      "time": "",
      "event": ""
    },
    {
      "lane": "",
      "rank": "",
      "name": "",
      "club": "",
      "result": "",
      "qual": "",
      "label": "",
      "time": "",
      "event": ""
    },
    {
      "lane": "",
      "rank": "",
      "name": "",
      "club": "",
      "result": "",
      "qual": "",
      "label": "",
      "time": "",
      "event": ""
    }
  ]
}