{"JanJa": "JanJ",
"AlavVi": "AlaV",
"AlavU": "AlaU",
"AsikkRai": "AsiR",
"BorgåAk": "BorA",
"EsboIF": "EsIF",
"EspTa": "EspT",
"EurajVei": "EurV",
"GamlakIF": "GIF",
"HartVoi": "HarV",
"HIFK": "HIFK",
"HKV": "HKV",
"HelsTa": "HeTa",
"HimU": "HimU",
"HyvsU": "HysU",
"HämeenlTa": "HlTa",
"IFFemman": "IF5",
"VasaIS": "VaIS",
"IFKraft": "IFKr",
"IFNykn": "IFNy",
"HIK": "HIK",
"IFSibboV": "IFSV",
"IFÅland": "IFÅl",
"IisVi": "IisV",
"IitPy": "IitP",
"IKFalken": "IKFa",
"IkaalU": "IkaU",
"IlmajKi": "IlmK",
"ImU": "ImU",
"JoutsPo": "JouP",
"JuankKuo": "JuKu",
"JyväskKU": "JKU",
"KangKi": "KanK",
"KangU": "KU68",
"KanksLei": "KsL",
"KannU": "KUra",
"KarhU": "KrhU",
"KarhKa": "KrhK",
"KauhajKa": "KauK",
"KauhWi": "KauW",
"KaustPV": "KaPV",
"KokkVei": "KoKV",
"KälvTa": "KälT",
"KuivAu": "KuiA",
"KuopRei": "KuoR",
"KuortKu": "KuoK",
"LahdA": "LahA",
"LaitJy": "LaiJ",
"LappUM": "LUM",
"LarsmoIF": "LaIF",
"LauttLu": "LauL",
"LehtimJy": "LehJ",
"LiedPa": "LieP",
"LiljIK": "LilK",
"LimNM": "LiNM",
"LängelmU": "LänU",
"NaantLöy": "NaaL",
"NakkVire": "NakV",
"NokU": "NokU",
"TampPy": "TP",
"NoormNo": "NooN",
"NousSu": "NouS",
"NummKip": "NumK",
"NurmijYU": "NuYU",
"OrimJy": "OriJ",
"OripVe": "OriV",
"PaimU": "PaiU",
"PalosUS": "PUS",
"PargIF": "PIF",
"ParkU": "PrkU",
"PernU": "PerU",
"PolvijU": "PolU",
"LipTai": "LipT",
"PorinTa": "PorT",
"PorinYU": "PoYU",
"PorvU": "PorU",
"PudasjU": "PudU",
"PuumVi": "PuuV",
"PyhäsU": "PyhU",
"RaisKu": "RaiK",
"ReisjPi": "ReiP",
"SaarijPu": "SaaP",
"SalVil": "SaVi",
"SiilPo": "SiiP",
"SjundeåIF": "SjIF",
"TammRy": "TamR",
"TampU": "TU38",
"TapE": "TapE",
"TeuvRi": "TeuR",
"ToijVau": "ToVa",
"TuUL": "TuUL",
"TurWei": "TuWe",
"TuTo": "TuTo",
"TurTo": "TuTo",
"TöysVe": "TöVe",
"UrjU": "UrjU",
"VaasVa": "VaaV",
"VammsVoi": "VsV",
"VarkKV": "VaKV",
"VarpVi": "VarV",
"VehmKi": "VehK",
"VeitsilKV": "VeKV",
"YlänKi": "YläK",
"ÄänekU": "ÄänU",
"VantSa": "VanS",
"YlöjU": "YlöU",
"IFRaseb": "IFRa",
"KaavKai": "KaaK",
"PihtipTui": "PihT",
"KarkkPo": "KaPo",
"KerimU": "KemU",
"RiihimKi": "RiiK",
"RaahVe": "RaaV",
"ÅIFK": "ÅIFK",
"ViipU": "VU",
"KeurKi": "KeuK",
"SalSa": "SalS",
"UudKK": "UKK",
"RekRai": "RekR",
"IFDrott": "IFDr",
"MynämI": "MynI",
"HaukVei": "HauV",
"PylkönmY": "PylY",
"KerU": "KerU",
"LohtVei": "LohV",
"VehmU": "VehU",
"MalaxIF": "MaIF",
"AnjLi": "AnjL",
"PielavSa": "PieS",
"IFVom": "VOM",
"RistU": "RisU",
"KaarUra": "KaaU",
"VahdTui": "VahT",
"TuupovU": "TuvU",
"VesilVi": "VesV",
"VähänkVie": "VähV",
"AlahKi": "AlKi",
"HeinI": "HeiI",
"PyhtY": "PyhY",
"TFEspoo": "TFE",
"ViialVa": "ViVa",
"SiikalU": "SiiU",
"MäntyhVi": "MänV",
"UlvST": "UST",
"MerikI": "MerI",
"LapVi": "LaVi",
"SäkU": "SäkU",
"LeppävVi": "LepV",
"HaukivKi": "HauK",
"MikkKV": "MiKV",
"MäntsU": "MänU",
"MaarMa": "MaaM",
"SonkajPa": "SonP",
"VihdVie": "VihV",
"KajKi": "KajK",
"KuusKi": "KuuK",
"KaipVi": "KaiV",
"MaskKa": "MasK",
"SuodennU": "SunU",
"KasköIK": "KaIK",
"MarttMu": "MarM",
"ForssSa": "ForS",
"JoensKa": "JoeK",
"LieksU": "LieU",
"LittTU": "LTU",
"SotkJy": "SoJy",
"PohjKoi": "PohK",
"MuurY": "MuuY",
"JorU": "JorU",
"AlajA": "AlaA",
"LapLu": "LapL",
"UltraS": "UltS",
"LoimLei": "LoiL",
"NastNa": "NasN",
"PaltU": "PalU",
"VehkVei": "VehV",
"EvijU": "EviU",
"LempKiYU": "LeKi",
"ValkKa": "ValK",
"KalVa": "KalV",
"SavonlRie": "SavR",
"TarvasjU": "TarU",
"SeinäjSU": "SeSU",
"SomE": "SomE",
"OutokPa": "OutP",
"KerkkU": "KrkU",
"KitU": "KitU",
"KeskiUYU": "KUYU",
"HelsJy": "HeJy",
"VetU": "VetU",
"SuolU": "SuoU",
"LänsiUU": "LUU",
"KangasnKa": "KngK",
"PiikkKe": "PiKe",
"KorPo": "KorP",
"JalasjJa": "JalJ",
"RuskY": "RusY",
"OulNMKY": "ONMK",
"VeikkVei": "VeiV",
"TurKU": "TKU",
"UtajU": "UtaU",
"IFFyren": "IFFy",
"UurU": "UurU",
"ViitVie": "ViiV",
"IFÅsarna": "IFÅs",
"EurRai": "EurR",
"KyrVoi": "KyrV",
"KoivKi": "KoiK",
"LapinlVe": "LalV",
"RymSoi": "RymS",
"KiimU": "KiiU",
"KalajJu": "KalJ",
"RovanRR": "RRR",
"RantsRai": "RanR",
"VirttNou": "VirN",
"NokPy": "NokP",
"Endurance": "EUTF",
"YlihJu": "YliJ",
"EräjU": "EräU",
"ÄhtU": "ÄhtU",
"ValkHa": "ValH",
"KiukKi": "KiuK",
"OulPy": "OP",
"YlikNM": "YlNM",
"IngåIF": "InIF",
"KurikRy": "KurR",
"LielKi": "LieK",
"KuusEV": "KuEV",
"KokemKV": "KKV",
"LaihLu": "LLU",
"JuvU": "JuvU",
"KuusjHu": "KuuH",
"KirkkonU": "KirU",
"HankasHa": "HanH",
"KuvKuo": "KuvK",
"JämsI": "JämI",
"LappVei": "LajV",
"PertPo": "PemP",
"PyhäjPo": "PyhP",
"SulkU": "SU41",
"MaanMa": "MngM",
"MietMP": "MMP",
"FinnMR": "FMR",
"PetäjävPe": "PetP",
"VierKoi": "VieK",
"PunkahU": "PunU",
"LopU": "LopU",
"SuomRa": "SuoR",
"IFLänken": "IFLä",
"HumppVei": "HumV",
"MiehVi": "MieV",
"VilppVei": "VilV",
"TeivoSt": "TeSt",
"JuuanU": "JuuU",
"SavonlJy": "SavJ",
"KarstKi": "KstK",
"KiihtU": "KivU",
"VirtU": "VirU",
"TyrnTe": "TyrT",
"ArcticA": "AAR",
"YppU": "YppU",
"YlivKu": "YliK",
"OulHui": "OulH",
"KempKi": "KmpK",
"VaasTo": "VaaT",
"KoskKai": "KosK",
"PerttPei": "PerP",
"PunkalKu": "PunK",
"HelsJuo": "HelJ",
"OrivPo": "OriP",
"LeppSi": "LeSi",
"TervTe": "TerT",
"RovanLa": "RovL",
"SippKu": "SipK",
"LaukU": "LauU",
"SauvU": "SauU",
"KuhmKu": "KhmK",
"KeitKu": "KeiK",
"SoinSi": "SoiS",
"HaapajKi": "HaaK",
"RaumU": "RauU",
"ToholU": "TolU",
"InkerTe": "InkT",
"KarijTa": "KarT",
"LuumPo": "LuuP",
"KuusUS": "KuUS",
"KankU": "KanU",
"NivU": "NivU",
"SavitU": "SavU",
"KristU": "KriU",
"HelsKT": "HKT",
"PiikkKa": "PiKa",
"LapVei": "LapV",
"VaajKuo": "VaaK",
"KylmäkVei": "KylV",
"IkurinVi": "IkVi",
"LoimJa": "LoiJ",
"HarjavJy": "HarJ",
"KivijKi": "KivK",
"VesU": "VesU",
"RunClub": "RC",
"Downt": "DT65",
"KyröskPo": "KyPo",
"LammKo": "LamK",
"UllKi": "UllK",
"KokkTU": "KoTu",
"PieksVei": "PiVe",
"LeppävU": "LepU",
"JoutsKu": "JouK",
"PosPy": "PosP",
"KiuruvU": "KiuU",
"VaalKa": "VaaK",
"HausjU": "HauU",
"RaumTU": "RTU",
"HarjavTU": "HTU",
"YkspRei": "YksR",
"LovTor": "LovT",
"YlämPy": "YläP",
"IinY": "IinY",
"ElimVau": "EliV",
"SiikSi": "SiiS",
"SysmSi": "SysS",
"PälkLL": "PäLL",
"TampMK": "TaMK",
"HalsToi": "HalT",
"VampU": "VamU",
"KeitNu": "KeiN",
"PolvijVau": "PolV",
"TohmajU": "TojU",
"NilsNu": "NilN",
"ParikkU": "ParU",
"SuonVa": "SujV",
"AlatPi": "AlaP",
"TjöckIK": "TjIK",
"PadasjY": "PadY",
"YliINa": "YlNa",
"LaitasVe": "LaiV",
"RauhalRR": "RRR",
"PakVe": "PakV",
"TaipVei": "TaVe",
"PerhKi": "PerK",
"KestKV": "KeKV",
"SomVoi": "SomV",
"RanPeu": "RanP",
"KouvU": "KouU",
"TaipKi": "TasK",
"MyrskMy": "MyrM",
"NaguIF": "NaIF",
"YlistKV": "YKV",
"KimSF": "KSF",
"MuurKV": "MuKV",
"VasI": "VasI",
"TaivKuo": "TakK",
"MerijKe": "MerK",
"LapSa": "LaSa",
"KempMK": "KeMK",
"PulkkPo": "PulP",
"KarvKi": "KarK",
"KyyjKy": "KyyK",
"PyhäjWi": "PyhW",
"RantasU": "RanU",
"KooVee": "KooV",
"KymKP": "KyKP",
"SolfIK": "SoIK"}